condition,rollout_update,ppo_epoch,policy_loss,value_mse,weighted_value_loss,reference_kl_on_rollout,sampled_entropy,categorical_entropy,clip_fraction,ratio_mean,ratio_max_abs_change,actor_grad_norm_preclip,critic_grad_norm_preclip
standard,1,0,5.587935447692871e-09,4.602621078491211,2.3013105392456055,-0.00017140174168162048,0.819615364074707,1.0648701190948486,0.0,1.0,0.0,0.18927812576293945,70.96012878417969
standard,1,1,-0.0005631241947412491,4.007219314575195,2.0036096572875977,0.00013026905071455985,0.819313645362854,1.0648117065429688,0.0,1.0003139972686768,0.028853654861450195,0.189670592546463,62.7618293762207
standard,2,0,-1.0053795129749687e-08,5.685234546661377,2.8426172733306885,0.0002675402502063662,0.9115707278251648,1.101706862449646,0.0,1.0,0.0,0.2939116358757019,82.41452026367188
standard,2,1,-0.00043066294165328145,5.283737659454346,2.641868829727173,-3.8777019653934985e-05,0.9118769764900208,1.101580023765564,0.0,0.9997100830078125,0.028452515602111816,0.294001042842865,47.687255859375
standard,3,0,5.5134297127779064e-08,3.8313591480255127,1.9156795740127563,-0.0002592525561340153,0.8145357370376587,1.0821067094802856,0.0,1.0,0.0,0.6210067272186279,171.6190948486328
standard,3,1,5.9445203078212216e-05,3.2313504219055176,1.6156752109527588,-0.00016256114759016782,0.8144389986991882,1.0821657180786133,0.0,1.0001039505004883,0.016569137573242188,0.6215105056762695,106.39604949951172
standard,4,0,-0.0,7.384552001953125,3.6922760009765625,0.0001633395004319027,0.927849531173706,1.0335206985473633,0.0,1.0,0.0,0.6054480075836182,403.8246154785156
standard,4,1,0.00023727596271783113,6.17704963684082,3.08852481842041,-0.0004265808092895895,0.9284394383430481,1.0337538719177246,0.0,0.9994268417358398,0.016425371170043945,0.6049996614456177,329.23199462890625
standard,5,0,-5.587935447692871e-09,4.737005233764648,2.368502616882324,1.666556636337191e-05,0.46341097354888916,0.5171023607254028,0.0,1.0,0.0,0.1589856892824173,80.18161010742188
standard,5,1,0.00030498206615448,4.672969818115234,2.336484909057617,3.330533581902273e-05,0.4633943438529968,0.5170552730560303,0.0,1.0000262260437012,0.030224084854125977,0.1587267369031906,87.44462585449219
standard,6,0,1.7029899268550253e-08,4.950113773345947,2.4750568866729736,1.8783930499921553e-05,1.2550444602966309,1.7266409397125244,0.0,1.0,0.0,0.57256019115448,79.36660766601562
standard,6,1,0.0004949569702148438,4.683438777923584,2.341719388961792,-1.0662502972991206e-05,1.25507390499115,1.726944088935852,0.0,0.999983012676239,0.013433992862701416,0.5705935955047607,75.19977569580078
standard,7,0,1.862645149230957e-09,5.260044574737549,2.6300222873687744,-5.9686455642804503e-05,1.020948886871338,1.5369563102722168,0.0,1.0,0.0,0.2261577695608139,105.6027603149414
standard,7,1,0.0002501644194126129,5.008638858795166,2.504319429397583,-0.00024071794177871197,1.021129846572876,1.5368201732635498,0.0,0.999829888343811,0.019011080265045166,0.22572867572307587,98.90249633789062
standard,8,0,-0.0,4.941310405731201,2.4706552028656006,-0.00041464975220151246,0.24519836902618408,0.2925143241882324,0.0,1.0,0.0,1.8365631103515625,168.66429138183594
standard,8,1,-0.0004133667389396578,4.185176849365234,2.092588424682617,-0.00021217371977400035,0.24499590694904327,0.29372844099998474,0.0,1.0002086162567139,0.010971426963806152,1.8315486907958984,151.59335327148438
standard,9,0,-0.0,3.00186824798584,1.50093412399292,0.00011053658818127587,0.6788684129714966,0.7628031969070435,0.0,1.0,0.0,0.22471825778484344,34.60966110229492
standard,9,1,-0.00012793381756637245,2.9044299125671387,1.4522149562835693,0.0001013759319903329,0.6788776516914368,0.7629397511482239,0.0,1.0000003576278687,0.021688342094421387,0.22471782565116882,32.69301986694336
standard,10,0,-8.749305280275621e-09,2.8576889038085938,1.4288444519042969,0.00014391072909347713,0.8287169337272644,1.0382896661758423,0.0,1.0,0.0,0.2147652804851532,54.838592529296875
standard,10,1,0.00039147454663179815,2.760474443435669,1.3802372217178345,0.00035358325112611055,0.8285073041915894,1.038217544555664,0.0,1.0002222061157227,0.029534101486206055,0.21489638090133667,44.152732849121094
standard,11,0,-0.0,3.6891422271728516,1.8445711135864258,-0.00038806290831416845,0.8504661917686462,1.1056578159332275,0.0,1.0,0.0,0.2205209583044052,81.90270233154297
standard,11,1,0.0005591994267888367,3.478644847869873,1.7393224239349365,-0.00013143540127202868,0.8502095937728882,1.1056245565414429,0.0,1.0002650022506714,0.019073843955993652,0.22074660658836365,58.19771194458008
standard,12,0,2.5652632018591248e-08,2.328286647796631,1.1641433238983154,0.00022337849077302963,0.8968594670295715,1.0731250047683716,0.0,1.0,0.0,0.9561706185340881,105.65676879882812
standard,12,1,0.00031575674074701965,2.1359140872955322,1.0679570436477661,-3.182320870109834e-05,0.8971146941184998,1.0727638006210327,0.0,0.9997603297233582,0.029728055000305176,0.9561992883682251,76.9761962890625
standard,13,0,-1.7101754679060832e-08,3.6756205558776855,1.8378102779388428,-0.00021902007574681193,0.9517273306846619,1.206488847732544,0.0,1.0,0.0,0.17379355430603027,48.289302825927734
standard,13,1,-0.00020499069069046527,3.528280735015869,1.7641403675079346,-7.050855492707342e-05,0.9515787959098816,1.206342339515686,0.0,1.0001596212387085,0.023394107818603516,0.1743035465478897,36.88617706298828
standard,14,0,1.0456955301663129e-08,2.999382257461548,1.499691128730774,0.0003029039653483778,0.8826573491096497,1.1710803508758545,0.0,1.0,0.0,0.2173394411802292,47.87859344482422
standard,14,1,-0.0003221113292966038,2.85356068611145,1.426780343055725,0.0001602596021257341,0.8827999830245972,1.1711838245391846,0.0,0.9998700618743896,0.02349376678466797,0.21760940551757812,35.432193756103516
standard,15,0,3.4059797204832876e-09,2.2296078205108643,1.1148039102554321,0.000366339401807636,0.7244833707809448,0.9467110633850098,0.0,1.0,0.0,0.28806108236312866,64.59688568115234
standard,15,1,-0.00047235147212632,2.1858065128326416,1.0929032564163208,0.0002975346869789064,0.7245522141456604,0.946782112121582,0.0,0.999940037727356,0.02079242467880249,0.28798866271972656,69.02381134033203
standard,16,0,-1.1630174157062356e-08,2.10815167427063,1.054075837135315,-0.0005717536550946534,1.132421851158142,1.4446368217468262,0.0,1.0,0.0,0.3751929700374603,33.58553695678711
standard,16,1,0.00013374700210988522,1.9747320413589478,0.9873660206794739,-0.00031625089468434453,1.1321663856506348,1.4442516565322876,0.0,1.0002691745758057,0.020671427249908447,0.3758604824542999,26.17219352722168
standard,17,0,-7.881605590398522e-09,3.4742465019226074,1.7371232509613037,-2.047813541139476e-05,0.843328058719635,1.0086424350738525,0.0,1.0,0.0,0.21498727798461914,49.30000686645508
standard,17,1,7.981111411936581e-05,3.33829665184021,1.669148325920105,-0.00023219968716148287,0.8435397744178772,1.008394718170166,0.0,0.9998013973236084,0.026782572269439697,0.2143409252166748,48.107635498046875
standard,18,0,3.725290298461914e-09,1.9919298887252808,0.9959649443626404,-0.0002055060613201931,0.9256120324134827,1.2366175651550293,0.0,1.0,0.0,0.19969135522842407,26.122385025024414
standard,18,1,0.00017005670815706253,1.8920042514801025,0.9460021257400513,3.788014510064386e-05,0.92536860704422,1.2365069389343262,0.0,1.0002551078796387,0.0239715576171875,0.19964496791362762,26.997249603271484
standard,19,0,-5.6098490297529224e-09,4.3782548904418945,2.1891274452209473,0.0002505922457203269,1.1280096769332886,1.5691431760787964,0.0,1.0,0.0,0.611572265625,110.40269470214844
standard,19,1,-0.0002126048639183864,4.069314956665039,2.0346574783325195,-1.2272793355805334e-05,1.128272533416748,1.5690910816192627,0.0,0.9997532367706299,0.02182745933532715,0.6119964122772217,103.8165054321289
standard,20,0,4.498463823665588e-09,2.6721673011779785,1.3360836505889893,-0.000826231378596276,0.54923015832901,0.7431075572967529,0.0,1.0,0.0,1.7387173175811768,44.33572006225586
standard,20,1,0.000152443943079561,2.5394930839538574,1.2697465419769287,-0.001248829998075962,0.5496527552604675,0.7430163621902466,0.0,0.9996078610420227,0.04152071475982666,1.729359745979309,42.95303726196289
clip_005,1,0,5.587935447692871e-09,4.602621078491211,2.3013105392456055,-0.00017140174168162048,0.819615364074707,1.0648701190948486,0.0,1.0,0.0,0.18931445479393005,70.96012878417969
clip_005,1,1,-0.00038892962038517,4.006034851074219,2.0030174255371094,3.133793143206276e-05,0.8194125890731812,1.0651535987854004,0.0,1.000213623046875,0.020345211029052734,0.1894783228635788,62.76429748535156
clip_005,2,0,-1.0053795129749687e-08,5.682614326477051,2.8413071632385254,0.0003097721782978624,0.9115285277366638,1.1016478538513184,0.0,1.0,0.0,0.2936863601207733,82.39656829833984
clip_005,2,1,0.00042293875594623387,5.283239841461182,2.641619920730591,0.00035729442606680095,0.9114810228347778,1.1013227701187134,0.0,1.0000600814819336,0.029117345809936523,0.2931985557079315,47.59727478027344
clip_005,3,0,4.7683716530855236e-08,3.8337135314941406,1.9168567657470703,0.0006220832583494484,0.8136544227600098,1.082707405090332,0.0,1.0,0.0,0.6209367513656616,171.46881103515625
clip_005,3,1,6.462335295509547e-05,3.237865447998047,1.6189327239990234,-8.707004781172145e-06,0.8142852783203125,1.0819756984710693,0.0,0.9993788599967957,0.020672619342803955,0.619893491268158,105.99739837646484
clip_005,4,0,2.699078294199353e-08,7.384860038757324,3.692430019378662,0.00015785411233082414,0.9278550148010254,1.0339243412017822,0.0,1.0,0.0,0.6058943867683411,403.8778381347656
clip_005,4,1,0.0004826761723961681,6.180582523345947,3.0902912616729736,0.00012557282752823085,0.9278873205184937,1.0340582132339478,0.0,0.9999972581863403,0.029178142547607422,0.6049568057060242,329.76434326171875
clip_005,5,0,-9.313225746154785e-09,4.73624324798584,2.36812162399292,0.00010789936641231179,0.46331971883773804,0.5169478058815002,0.0,1.0,0.0,0.15891164541244507,80.08782196044922
clip_005,5,1,9.760260581970215e-05,4.672125816345215,2.3360629081726074,-0.00016367726493626833,0.4635913074016571,0.5171824097633362,0.0,0.999735951423645,0.02331942319869995,0.1590622067451477,87.38644409179688
clip_005,6,0,1.7029899268550253e-08,4.955105781555176,2.477552890777588,0.0004843063943553716,1.254578948020935,1.7268543243408203,0.0,1.0,0.0,0.5729036927223206,79.42342376708984
clip_005,6,1,-0.00031583892996422946,4.682183742523193,2.3410918712615967,-0.00028972342261113226,1.2553529739379883,1.7269909381866455,0.0,0.9992382526397705,0.01505422592163086,0.5717947483062744,74.89285278320312
clip_005,7,0,9.313225746154785e-10,5.256161689758301,2.6280808448791504,-7.005812949500978e-05,1.0209591388702393,1.5370762348175049,0.0,1.0,0.0,0.22608515620231628,105.49842834472656
clip_005,7,1,0.00012560654431581497,5.010598182678223,2.5052990913391113,-9.204410889651626e-05,1.0209811925888062,1.5369657278060913,0.0,0.9999890923500061,0.02248537540435791,0.2260923832654953,99.08778381347656
clip_005,8,0,-0.0,4.935261249542236,2.467630624771118,0.0015116900904104114,0.24327203631401062,0.2915942072868347,0.0,1.0,0.0,1.8169927597045898,168.3081512451172
clip_005,8,1,-0.0012083904584869742,4.16736364364624,2.08368182182312,9.554364805808291e-05,0.24468816816806793,0.2931140959262848,0.0,0.998590350151062,0.01208961009979248,1.8120776414871216,151.50596618652344
central_8,1,0,5.587935447692871e-09,4.602621078491211,2.3013105392456055,-0.00017140174168162048,0.819615364074707,1.0648701190948486,0.0,1.0,0.0,0.18927933275699615,70.96012115478516
central_8,1,1,-0.0001582317054271698,4.005623817443848,2.002811908721924,-0.00030206667724996805,0.8197460174560547,1.0654242038726807,0.0,0.9998801350593567,0.02383875846862793,0.1893731653690338,62.80307388305664
central_8,2,0,-1.2926308912142304e-08,5.687605381011963,2.8438026905059814,0.000241617119172588,0.9115966558456421,1.1014869213104248,0.0,1.0,0.0,0.2937365174293518,82.37321472167969
central_8,2,1,0.0002485240693204105,5.285340785980225,2.6426703929901123,0.00019153842004016042,0.9116467237472534,1.1016449928283691,0.0,0.9999643564224243,0.02829355001449585,0.2937987446784973,47.60782241821289
central_8,3,0,-1.9371508841459217e-08,3.83477783203125,1.917388916015625,8.384373359149322e-05,0.8141925930976868,1.0821044445037842,0.0,1.0,0.0,0.6219820380210876,171.49351501464844
central_8,3,1,-0.0006487950449809432,3.2375831604003906,1.6187915802001953,-0.00015284938854165375,0.8144294023513794,1.0822780132293701,0.0,0.9997736811637878,0.014395058155059814,0.621615469455719,106.77930450439453
central_8,4,0,1.0346466439159485e-07,7.395659923553467,3.6978299617767334,-0.0005914782523177564,0.9286044239997864,1.0340605974197388,0.0,1.0,0.0,0.6056759357452393,404.2791748046875
central_8,4,1,-0.0014890949241816998,6.178033828735352,3.089016914367676,0.0011456981301307678,0.9268671870231628,1.033384084701538,0.0,1.001762866973877,0.03205764293670654,0.6081292033195496,330.0646057128906
central_8,5,0,-3.725290298461914e-09,4.73575496673584,2.36787748336792,0.00025264188298024237,0.4631749987602234,0.5169205069541931,0.0,1.0,0.0,0.15893757343292236,80.11405944824219
central_8,5,1,9.807012975215912e-05,4.674873352050781,2.3374366760253906,8.439016528427601e-05,0.4633432626724243,0.5169389247894287,0.0,0.9998393058776855,0.022539198398590088,0.15888850390911102,87.47512817382812
central_8,6,0,-1.7029899268550253e-08,4.945221424102783,2.4726107120513916,-0.00029390407144092023,1.2553571462631226,1.7265095710754395,0.0,1.0,0.0,0.5731559991836548,79.20215606689453
central_8,6,1,0.00039468007162213326,4.678471088409424,2.339235544204712,-0.0007764722686260939,1.2558397054672241,1.7267969846725464,0.0,0.9995343685150146,0.027932584285736084,0.5668361186981201,75.04908752441406
central_8,7,0,-1.7695128917694092e-08,5.254151821136475,2.6270759105682373,7.268153422046453e-05,1.0208165645599365,1.5370423793792725,0.0,1.0,0.0,0.22616836428642273,105.47699737548828
central_8,7,1,-2.4707987904548645e-06,5.007823467254639,2.5039117336273193,-0.00034182536182925105,1.021230936050415,1.5369653701782227,0.0,0.9995971918106079,0.018073558807373047,0.22605526447296143,98.85675048828125
central_8,8,0,6.811959707420101e-08,4.939197063446045,2.4695985317230225,-0.0012929916847497225,0.24607671797275543,0.29201415181159973,0.0,1.0,0.0,1.8548632860183716,168.54762268066406
central_8,8,1,0.0004967621644027531,4.164582252502441,2.0822911262512207,-0.0001663130969973281,0.2449500560760498,0.292770653963089,0.0,1.001132607460022,0.01244819164276123,1.8585673570632935,151.45654296875
clip_050,1,0,5.587935447692871e-09,4.602621078491211,2.3013105392456055,-0.00017140174168162048,0.819615364074707,1.0648701190948486,0.0,1.0,0.0,0.1892959326505661,70.96012878417969
clip_050,1,1,2.9042363166809082e-05,4.0059814453125,2.00299072265625,-0.00012138221063651145,0.8195653557777405,1.065136432647705,0.0,1.0000627040863037,0.029022932052612305,0.18957553803920746,62.790496826171875
clip_050,2,0,7.206606866816401e-09,5.511364936828613,2.7556824684143066,-0.00021276080224197358,0.9067621231079102,1.087685227394104,0.0,1.0,0.0,0.23634091019630432,78.18006134033203
clip_050,2,1,-0.00012393922952469438,5.148886203765869,2.5744431018829346,-0.0002506671007722616,0.9068000912666321,1.0876835584640503,0.0,0.9999746084213257,0.019835829734802246,0.23655179142951965,45.44327926635742
clip_050,3,0,7.450580596923828e-09,3.8566253185272217,1.9283126592636108,-0.00041803420754149556,0.8146945238113403,1.0821651220321655,0.0,1.0,0.0,0.6200434565544128,173.32603454589844
clip_050,3,1,-0.0008300304180011153,3.266692638397217,1.6333463191986084,-0.0008332698489539325,0.8151098489761353,1.0824623107910156,0.0,0.9995909929275513,0.01352381706237793,0.6189849972724915,110.01409149169922
clip_050,4,0,3.5987710589324706e-08,7.528756618499756,3.764378309249878,0.0006007797201164067,0.9274120926856995,1.0338205099105835,0.0,1.0,0.0,0.6155445575714111,410.19927978515625
clip_050,4,1,-0.0008346944232471287,6.3379693031311035,3.1689846515655518,0.0007098690839484334,0.9273030757904053,1.0344631671905518,0.0,1.0001178979873657,0.013963699340820312,0.6166861057281494,338.5015869140625
clip_050,5,0,1.30385160446167e-08,4.7729363441467285,2.3864681720733643,0.00018736510537564754,0.46324026584625244,0.5170353651046753,0.0,1.0,0.0,0.15923669934272766,82.54251098632812
clip_050,5,1,0.00019504502415657043,4.707955360412598,2.353977680206299,-5.6463206419721246e-05,0.4634840786457062,0.5170023441314697,0.0,0.9997649192810059,0.026599407196044922,0.15923914313316345,89.6016845703125
clip_050,6,0,1.9462740752373975e-08,4.957329750061035,2.4786648750305176,-0.0005596817936748266,1.2556229829788208,1.7262579202651978,0.0,1.0,0.0,0.5680932402610779,80.04438781738281
clip_050,6,1,0.0005324641242623329,4.6706223487854,2.3353111743927,0.0006816662498749793,1.2543816566467285,1.7263052463531494,0.0,1.0012542009353638,0.015284538269042969,0.5690359473228455,75.32249450683594
clip_050,7,0,9.313225746154785e-09,5.265956878662109,2.6329784393310547,-0.00022942326904740185,1.0211185216903687,1.5372189283370972,0.0,1.0,0.0,0.22698235511779785,107.48758697509766
clip_050,7,1,-0.0003718603402376175,5.016644477844238,2.508322238922119,-0.00023609332856722176,1.0211251974105835,1.537121057510376,0.0,1.000004768371582,0.026090025901794434,0.2268303632736206,100.70357513427734
clip_050,8,0,6.811959707420101e-08,5.029447078704834,2.514723539352417,-0.0006923714536242187,0.2454761117696762,0.29263240098953247,0.0,1.0,0.0,1.8029563426971436,171.3635711669922
clip_050,8,1,0.0007097891648299992,4.2549357414245605,2.1274678707122803,0.0005805135006085038,0.24420320987701416,0.2925770580768585,0.0,1.0012791156768799,0.012441754341125488,1.806036353111267,153.75924682617188
kl_000,1,0,-1.6763806343078613e-08,4.602510452270508,2.301255226135254,-0.00017140174168162048,0.819615364074707,1.0648701190948486,0.0,1.0,0.0,0.18928538262844086,70.9766616821289
kl_000,1,1,-0.0003362353891134262,4.005364894866943,2.0026824474334717,-2.7469388442113996e-05,0.8194714188575745,1.0648378133773804,0.0,1.000154972076416,0.023040294647216797,0.18910643458366394,62.649314880371094
kl_000,2,0,2.3374370883288975e-08,5.385463237762451,2.6927316188812256,-0.0002898467646446079,0.938565194606781,1.0948492288589478,0.0,1.0,0.0,0.2634538412094116,77.29410552978516
kl_000,2,1,0.00021336358622647822,5.0380859375,2.51904296875,-0.0005647562211379409,0.9388400912284851,1.0949548482894897,0.0,0.9997389316558838,0.029469609260559082,0.26323238015174866,44.08694076538086
kl_000,3,0,-0.0,3.8765175342559814,1.9382587671279907,-0.0002828740980476141,0.8145593404769897,1.0819039344787598,0.0,1.0,0.0,0.6213834285736084,173.6878204345703
kl_000,3,1,-0.0006344616413116455,3.296360731124878,1.648180365562439,1.4741742234036792e-05,0.814261794090271,1.0823185443878174,0.0,1.0003175735473633,0.01754474639892578,0.6195282340049744,112.12785339355469
kl_000,4,0,7.197542117864941e-08,7.557187557220459,3.7785937786102295,0.0005538095138035715,0.9274591207504272,1.033447265625,0.0,1.0,0.0,0.62019944190979,411.4221496582031
kl_000,4,1,0.00021250742429401726,6.376084804534912,3.188042402267456,0.0005653202533721924,0.9274476170539856,1.0339051485061646,0.0,1.0000200271606445,0.01520073413848877,0.6199376583099365,340.6398620605469
kl_000,5,0,1.862645149230957e-09,4.793813705444336,2.396906852722168,2.8781687433365732e-05,0.46339887380599976,0.5169148445129395,0.0,1.0,0.0,0.15902894735336304,83.32144165039062
kl_000,5,1,0.00021609850227832794,4.729825019836426,2.364912509918213,-3.942146940971725e-05,0.4634670615196228,0.5169636011123657,0.0,0.9999387264251709,0.01920473575592041,0.15903398394584656,90.3966064453125
kl_000,6,0,1.7029899268550253e-08,4.925587177276611,2.4627935886383057,9.752380719874054e-05,1.2549657821655273,1.7258687019348145,0.0,1.0,0.0,0.568977415561676,80.79734802246094
kl_000,6,1,0.0003703857073560357,4.658279895782471,2.3291399478912354,-0.00016468540707137436,1.2552279233932495,1.7267658710479736,0.0,0.9997543096542358,0.022850513458251953,0.5673830509185791,76.60011291503906
kl_000,7,0,-2.7939677238464355e-09,5.267255783081055,2.6336278915405273,-2.317190228495747e-05,1.0209124088287354,1.537018060684204,0.0,1.0,0.0,0.22778229415416718,108.35655975341797
kl_000,7,1,-0.00011722557246685028,5.021829605102539,2.5109148025512695,7.009002729319036e-06,1.0208821296691895,1.537283182144165,0.0,1.0000414848327637,0.020525991916656494,0.22783388197422028,101.46813201904297
kl_000,8,0,-6.811959707420101e-08,5.00704288482666,2.50352144241333,-0.0007300108554773033,0.24551372230052948,0.2925410270690918,0.0,1.0,0.0,1.8020297288894653,173.21336364746094
kl_000,8,1,0.00043765135342255235,4.249630451202393,2.1248152256011963,5.738014806411229e-05,0.24472634494304657,0.2934401333332062,0.0,1.0007930994033813,0.012491106986999512,1.798872709274292,155.66107177734375
kl_020,1,0,-1.1175870895385742e-08,4.602736473083496,2.301368236541748,-0.00017140174168162048,0.819615364074707,1.0648701190948486,0.0,1.0,0.0,0.18927828967571259,70.9437026977539
kl_020,1,1,-0.00019845552742481232,4.004063606262207,2.0020318031311035,-0.00019682705169543624,0.8196407556533813,1.0647823810577393,0.0,0.9999868869781494,0.027489423751831055,0.18954436480998993,62.41228485107422
kl_020,2,0,-7.206606866816401e-09,5.505974769592285,2.7529873847961426,-0.0001309992658207193,0.9066804051399231,1.0880454778671265,0.0,1.0,0.0,0.23619122803211212,78.11125183105469
kl_020,2,1,0.00018107080541085452,5.149317741394043,2.5746588706970215,-0.0005852145259268582,0.9071346521377563,1.0879364013671875,0.0,0.9995615482330322,0.028100132942199707,0.2360847294330597,45.40355682373047
kl_020,3,0,-4.023313593393141e-08,3.8537144660949707,1.9268572330474854,-0.0001256141986232251,0.8144021034240723,1.0818793773651123,0.0,1.0,0.0,0.6195608973503113,173.27041625976562
kl_020,3,1,4.4576823711395264e-05,3.2696280479431152,1.6348140239715576,0.00024672734434716403,0.8140296936035156,1.0820688009262085,0.0,1.000392198562622,0.02811753749847412,0.6214498281478882,110.7529296875
kl_020,4,0,1.7993855294662353e-08,7.536004066467285,3.7680020332336426,0.00022107701806817204,0.9277918934822083,1.0341750383377075,0.0,1.0,0.0,0.6157986521720886,410.10125732421875
kl_020,4,1,-0.0011061002733185887,6.344226837158203,3.1721134185791016,-0.0003413860104046762,0.9283542037010193,1.0335899591445923,0.0,0.9994557499885559,0.016519904136657715,0.6172283291816711,338.60821533203125
kl_020,5,0,-1.1175870895385742e-08,4.772365093231201,2.3861825466156006,-2.8772701625712216e-06,0.4634305238723755,0.5170979499816895,0.0,1.0,0.0,0.1590852439403534,82.45828247070312
kl_020,5,1,-0.000270698219537735,4.709202766418457,2.3546013832092285,-9.190103446599096e-05,0.46351951360702515,0.5169743299484253,0.0,0.999920129776001,0.024641811847686768,0.15907377004623413,89.36285400390625
kl_020,6,0,-7.2985280041848455e-09,4.955756187438965,2.4778780937194824,-8.349822019226849e-05,1.2551467418670654,1.7267656326293945,0.0,1.0,0.0,0.568420946598053,80.17559814453125
kl_020,6,1,-0.00014687557995785028,4.682587146759033,2.3412935733795166,0.0003956431755796075,1.2546676397323608,1.7271112203598022,0.0,1.0004901885986328,0.01482778787612915,0.5671491622924805,75.566162109375
kl_020,7,0,9.313225746154785e-10,5.263205528259277,2.6316027641296387,0.00019692390924319625,1.020692229270935,1.537162184715271,0.0,1.0,0.0,0.2269725650548935,107.50948333740234
kl_020,7,1,-5.497504025697708e-05,5.017889976501465,2.5089449882507324,3.2514712074771523e-05,1.0208566188812256,1.537150502204895,0.0,0.9998470544815063,0.0234602689743042,0.22693121433258057,100.73738098144531
kl_020,8,0,-0.0,5.020192623138428,2.510096311569214,0.00016135214536916465,0.2446223795413971,0.2918195128440857,0.0,1.0,0.0,1.8039145469665527,171.1830596923828
kl_020,8,1,0.0006814173539169133,4.242312908172607,2.1211564540863037,0.0012183794751763344,0.24356535077095032,0.29290708899497986,0.0,1.0010641813278198,0.013911008834838867,1.8089137077331543,153.61048889160156
