comparison,response,title_number,word_count,complies_6_to_10
kl_020,midpoint,1,7,True
kl_020,midpoint,2,7,True
kl_020,midpoint,3,8,True
kl_020,midpoint,4,8,True
kl_020,midpoint,5,8,True
kl_020,midpoint,6,7,True
kl_020,midpoint,7,8,True
kl_020,midpoint,8,9,True
kl_020,midpoint,9,7,True
kl_020,midpoint,10,7,True
kl_020,midpoint,11,6,True
kl_020,midpoint,12,7,True
kl_020,midpoint,13,6,True
kl_020,midpoint,14,8,True
kl_020,midpoint,15,6,True
kl_020,midpoint,16,7,True
kl_020,midpoint,17,5,False
kl_020,midpoint,18,6,True
kl_020,midpoint,19,5,False
kl_020,midpoint,20,8,True
kl_020,kl_020,1,7,True
kl_020,kl_020,2,7,True
kl_020,kl_020,3,8,True
kl_020,kl_020,4,8,True
kl_020,kl_020,5,8,True
kl_020,kl_020,6,7,True
kl_020,kl_020,7,10,True
kl_020,kl_020,8,10,True
kl_020,kl_020,9,8,True
kl_020,kl_020,10,6,True
kl_020,kl_020,11,6,True
kl_020,kl_020,12,6,True
kl_020,kl_020,13,7,True
kl_020,kl_020,14,6,True
kl_020,kl_020,15,8,True
kl_020,kl_020,16,6,True
kl_020,kl_020,17,6,True
kl_020,kl_020,18,7,True
kl_020,kl_020,19,7,True
kl_020,kl_020,20,8,True
kl_000,midpoint,1,7,True
kl_000,midpoint,2,7,True
kl_000,midpoint,3,8,True
kl_000,midpoint,4,8,True
kl_000,midpoint,5,8,True
kl_000,midpoint,6,7,True
kl_000,midpoint,7,8,True
kl_000,midpoint,8,9,True
kl_000,midpoint,9,7,True
kl_000,midpoint,10,7,True
kl_000,midpoint,11,6,True
kl_000,midpoint,12,7,True
kl_000,midpoint,13,6,True
kl_000,midpoint,14,8,True
kl_000,midpoint,15,6,True
kl_000,midpoint,16,7,True
kl_000,midpoint,17,5,False
kl_000,midpoint,18,6,True
kl_000,midpoint,19,5,False
kl_000,midpoint,20,8,True
kl_000,kl_000,1,8,True
kl_000,kl_000,2,7,True
kl_000,kl_000,3,7,True
kl_000,kl_000,4,5,False
kl_000,kl_000,5,5,False
kl_000,kl_000,6,6,True
kl_000,kl_000,7,7,True
kl_000,kl_000,8,7,True
kl_000,kl_000,9,8,True
kl_000,kl_000,10,8,True
kl_000,kl_000,11,7,True
kl_000,kl_000,12,5,False
kl_000,kl_000,13,7,True
kl_000,kl_000,14,6,True
kl_000,kl_000,15,9,True
kl_000,kl_000,16,8,True
kl_000,kl_000,17,6,True
kl_000,kl_000,18,6,True
kl_000,kl_000,19,7,True
kl_000,kl_000,20,7,True
