condition,prompt_id,source_index,prompt_messages,midpoint_response,candidate_response,midpoint_reward,candidate_reward,reward_delta,quality_direction,criterion,reasoning,verification_sources,review_status
kl_020,ee7b7003b96f186726812f27c0c689da5283da51a6a682eb1f65046fda17ba65,911,"[{""content"": ""write me 20 tittles for social media of 6 to 10 words to promote Madrid as golf destination"", ""role"": ""user""}]","Certainly! Here are 20 titles promoting Madrid as a top golf destination in just six to ten words each:

1. **""Discover the Hidden Gems: Madrid's Golf Courses""**
2. **""Savor Madrid's Sun and Sunshine on Greens""**
3. **""From Fairways to Fine Dining: Experience Madrid Golf""**
4. **""Golfing in the Heart of Spain: Madrid’s Provenance""**
5. **""Madrid's Best Secret Course: The Ultimate Golf Escape""**
6. **""Experience Madrid's Golf: Where Tradition Meets Innovation""**
7. **""Perfect Weather for Perfect Game: Madrid Golf Season""**
8. **""The City in Your Tee Box: Madrid's Golf Offerings""**
9. **""Madrid's Top Courses: A Golf Lover's Paradise""**
10. **""Elevate Your Game: Madrid's World-Class Golf Destinations""**
11. **""Madrid Golf: From Green to Gold""**
12. **""Madrid's Golf Oasis: A Dream Vacation Destination""**
13. **""Discover Madrid's Hidden Treasure in Golf""**
14. **""Madrid's Golf: A Tourist Attraction or Hidden Gem?""**
15. **""Madrid Golf: Where Every Shot Counts""**
16. **""Madrid's Golf: A Must-Visit for Golf Enthusiasts""**
17. **""Madrid Golf: Beyond the Playoffs""**
18. **""Madrid Golf: The Ultimate Outdoor Adventure""**
19. **""Madrid's Golf: An Unmissable Experience""**
20. **""Madrid's Golf: The New Way to See Spain""**

These titles should effectively capture interest and encourage people to explore Madrid's golf destinations.","Certainly! Here are 20 titles promoting Madrid as a top golf destination in just six to ten words each:

1. **""Discover the Hidden Gems: Madrid's Golf Courses""**
2. **""Savor Madrid's Sun and Sunshine on Greens""**
3. **""From Fairways to Fine Dining: Experience Madrid Golf""**
4. **""Golfing in the Heart of Spain: Madrid’s Provenance""**
5. **""Madrid's Best Secret Course: The Ultimate Golf Escape""**
6. **""Experience Madrid's Golf Revolution: A Must-Play Destination""**
7. **""The Perfect Blend of Sport and Spa: Madrid's Golf Retreats""**
8. **""Elevate Your Game: Madrid Offers the Best in Golf Tours""**
9. **""Madrid’s Oasis of Play: Where Golf Meets Culture""**
10. **""The World-Class Golfing Capital: Madrid Unlocked""**
11. **""Golfers' Paradise: Explore Madrid’s Golf Trails""**
12. **""Madrid Golf: From Beginners to Champions""**
13. **""The Golden Triangle: Madrid’s Top Golf Destinations""**
14. **""Cultural Golfing Gem: Madrid’s Hidden Courses""**
15. **""A Tour de Force: Madrid’s Golf Adventure Packages""**
16. **""Madrid Golf: Where Tradition Meets Modernity""**
17. **""Golfing in Style: Madrid’s High-Tech Courses""**
18. **""Madrid’s Golf Oasis: Where Nature Meets Sportsmanship""**
19. **""The Ultimate Golf Getaway: Madrid’s Golf Resorts""**
20. **""Madrid Golf: A Journey Through Spain’s Green Spaces""**",3.298828125,3.515625,0.216796875,better,"Instruction compliance: 20 titles, each 6-10 words",18/20 midpoint titles and 20/20 candidate titles meet the stated word-length bound. Both produce 20 titles. Reward increases. This is agreement for this explicit constraint only; overall factual or stylistic quality is not scored.,Saved model output plus deterministic title word counts; see qualitative_title_counts.csv,Assistant analysis explicitly approved by the user on 2026-10-09; see provenance/qualitative_review_approval.json
kl_000,ee7b7003b96f186726812f27c0c689da5283da51a6a682eb1f65046fda17ba65,911,"[{""content"": ""write me 20 tittles for social media of 6 to 10 words to promote Madrid as golf destination"", ""role"": ""user""}]","Certainly! Here are 20 titles promoting Madrid as a top golf destination in just six to ten words each:

1. **""Discover the Hidden Gems: Madrid's Golf Courses""**
2. **""Savor Madrid's Sun and Sunshine on Greens""**
3. **""From Fairways to Fine Dining: Experience Madrid Golf""**
4. **""Golfing in the Heart of Spain: Madrid’s Provenance""**
5. **""Madrid's Best Secret Course: The Ultimate Golf Escape""**
6. **""Experience Madrid's Golf: Where Tradition Meets Innovation""**
7. **""Perfect Weather for Perfect Game: Madrid Golf Season""**
8. **""The City in Your Tee Box: Madrid's Golf Offerings""**
9. **""Madrid's Top Courses: A Golf Lover's Paradise""**
10. **""Elevate Your Game: Madrid's World-Class Golf Destinations""**
11. **""Madrid Golf: From Green to Gold""**
12. **""Madrid's Golf Oasis: A Dream Vacation Destination""**
13. **""Discover Madrid's Hidden Treasure in Golf""**
14. **""Madrid's Golf: A Tourist Attraction or Hidden Gem?""**
15. **""Madrid Golf: Where Every Shot Counts""**
16. **""Madrid's Golf: A Must-Visit for Golf Enthusiasts""**
17. **""Madrid Golf: Beyond the Playoffs""**
18. **""Madrid Golf: The Ultimate Outdoor Adventure""**
19. **""Madrid's Golf: An Unmissable Experience""**
20. **""Madrid's Golf: The New Way to See Spain""**

These titles should effectively capture interest and encourage people to explore Madrid's golf destinations.","Certainly! Here are 20 titles promoting Madrid as a top golf destination in just 6-10 words each:

1. ""Golfing in the City: Discover Madrid's Hidden Gems""
2. ""Savor the Game in Spain’s Capital - Madrid""
3. ""Experience Golf in the Sun with Us!""
4. ""Madrid: The Ultimate Golf Destination""
5. ""Discover Madrid's Best Golf Courses""
6. ""Elevate Your Next Getaway: Madrid Golf""
7. ""Play Golf Like a Local in Madrid""
8. ""From Clubhouse to Course: Madrid Golf Tours""
9. ""The Perfect Balance: Golf and Sightseeing in Madrid""
10. ""Take Your Game to Madrid - Enjoy Golf Anywhere""
11. ""Explore the Best Golf Clubs in Madrid""
12. ""Madrid: The Golf Lover's Paradise""
13. ""Find Your Hole in Madrid's Top Courses""
14. ""Madrid Golf: Where Tradition Meets Innovation""
15. ""From the Green to the City: Madrid Golf Experience""
16. ""Madrid Golf: A Golf Adventure Like No Other""
17. ""Unleash Your Inner Golfer in Madrid""
18. ""Madrid Golf: Play Safely, Have Fun""
19. ""Discover the Best Golf Courses in Madrid""
20. ""Master the Art of Golf in Madrid""

These titles aim to entice potential golfers to explore Madrid's unique blend of urban charm and picturesque courses, highlighting both its historical context and modern amenities.",3.298828125,3.3828125,0.083984375,worse,"Instruction compliance: 20 titles, each 6-10 words",18/20 midpoint titles and 17/20 candidate titles meet the stated word-length bound. Both produce 20 titles. Reward increases. This is disagreement for this explicit constraint only; overall factual or stylistic quality is not scored.,Saved model output plus deterministic title word counts; see qualitative_title_counts.csv,Assistant analysis explicitly approved by the user on 2026-10-09; see provenance/qualitative_review_approval.json
