condition,rollout_update,update_index,row_index,prompt_id,source_index,rollout_seed,raw_reward,effective_reward,rollout_reference_kl,sampled_entropy,categorical_entropy,old_value_mean,return_mean,critic_rollout_mse,response_length,valid_generated_tokens,terminated_with_eos,truncated,generation_scoring_seconds,optimization_seconds
standard,1,0,66,69dbb0920f2b515bc35d2b6d696bfb9d4f4fb5733a611ad26fbd6a994aa33c4c,4429,6304,2.55859375,1.55859375,-0.00017140174168162048,0.819615364074707,1.0648701190948486,-0.7839639782905579,-0.7671821713447571,4.602621078491211,512.0,512,False,True,23.597532032999993,0.8087920189999522
standard,2,1,211,d17a75fdbc3cf38ce6c717882a414230fb52cd262bbaa2cc1042706afba74208,42556,6305,3.873046875,3.873046875,0.0002675402502063662,0.9115707278251648,1.101706862449646,-2.1167893409729004,-1.7636219263076782,5.685234546661377,332.0,332,True,False,14.483627350000006,0.6138264080000226
standard,3,2,223,8d7186b5e1fbe09683b2c5a16f4e6895e823fe819bb3fb42f0a335b773b558cc,32794,6306,1.9365234375,1.9365234375,-0.0002592525561340153,0.8145357370376587,1.0821067094802856,-1.6722913980484009,-0.8256384134292603,3.8313591480255127,80.0,80,True,False,3.6730019740000444,0.6058003499999813
standard,4,3,141,babd2b9209530cad5e8c5de713fa65a2a19e2a5e1d883d4b519b5da9281846b7,58824,6307,2.01953125,2.01953125,0.0001633395004319027,0.927849531173706,1.0335206985473633,-2.4870760440826416,-0.8728398680686951,7.384552001953125,53.0,53,True,False,2.553518540999903,0.6163248690000955
standard,5,4,762,042952501bc0bccb277c5acae15dc57a22f0486f84751a659dc7118bc2da0a7a,36419,6308,-0.64453125,-1.64453125,1.666556636337191e-05,0.46341097354888916,0.5171023607254028,-1.70331871509552,-1.7488563060760498,4.737005233764648,512.0,512,False,True,22.281415165,0.6194630080000252
standard,6,5,934,2dcb5c70b61397d22dff7ecba3c97f0963f338ac00f80e6a50bb19f953cd2be6,25258,6309,-1.40234375,-1.40234375,1.8783930499921553e-05,1.2550444602966309,1.7266409397125244,-0.9581876993179321,-1.0626435279846191,4.950113773345947,98.0,98,True,False,4.559935893000102,0.6104674629999636
standard,7,6,470,567f7fcc3da0de0f654935d95d5183defdf51ed4a54cabdec8c1af9d657ab73c,17845,6310,0.11968994140625,-0.88031005859375,-5.9686455642804503e-05,1.020948886871338,1.5369563102722168,-0.5388786792755127,-0.5894966125488281,5.260044574737549,512.0,512,False,True,22.03597056199999,0.612694918000102
standard,8,7,1160,2eb0508423860573c279e4e2f78e0f251bc5ffc061d5f4fe613516eb01c66a56,20376,6311,0.64111328125,0.64111328125,-0.00041464975220151246,0.24519836902618408,0.2925143241882324,-0.6269950866699219,0.32519492506980896,4.941310405731201,14.0,14,True,False,0.9346513179999647,0.6032451930000207
standard,9,8,1012,ff61e3e9c826254af5346659620c0e87fd5323bc9d14b5ea7f677f4d3ddabfac,33352,6312,-0.180419921875,-0.180419921875,0.00011053658818127587,0.6788684129714966,0.7628031969070435,-0.6635953187942505,-0.641093909740448,3.00186824798584,391.0,391,True,False,16.883980457000007,0.5974504119999438
standard,10,9,1040,7757e759c2f11d30ea9c3dbc474b46685aa8f8d4b685c1696a099e91d81b4289,23336,6313,2.431640625,2.431640625,0.00014391072909347713,0.8287169337272644,1.0382896661758423,-1.1287025213241577,-0.909044623374939,2.8576889038085938,436.0,436,True,False,18.830608784000106,0.6128846609999528
standard,11,10,519,8a95d5aa7533f3cb2e3b18a3113770f1c4021ffd3c7e0d34eff2a09f846d4b39,31561,6314,3.4375,3.4375,-0.00038806290831416845,0.8504661917686462,1.1056578159332275,-0.8035314083099365,-0.5348548293113708,3.6891422271728516,325.0,325,True,False,14.067743574000133,0.5998717529998885
standard,12,11,832,82da742fa7105e1a08b799c3b7ba691cf1838534227456b2be61466fa99a16df,41008,6315,2.529296875,2.529296875,0.00022337849077302963,0.8968594670295715,1.0731250047683716,0.9572986364364624,1.3084224462509155,2.328286647796631,79.0,79,True,False,3.6823282870000185,0.6074400679999599
standard,13,12,325,0cade7094bf796326c44ba96add3bfc5080d3053fec5552b757a8a2bba50cda7,43520,6316,2.642578125,2.642578125,-0.00021902007574681193,0.9517273306846619,1.206488847732544,-0.6077530384063721,-0.5130936503410339,3.6756205558776855,474.0,474,True,False,20.40505570299979,0.6182651999999962
standard,14,13,727,c5324714f6da521bd5b26e2778f12e0533e1a02af82f9aefc558dc140f411e82,56530,6317,2.3203125,2.3203125,0.0003029039653483778,0.8826573491096497,1.1710803508758545,-0.3347780406475067,-0.23240841925144196,2.999382257461548,456.0,456,True,False,19.592454317000147,0.6093850649999695
standard,15,14,1024,ffbe266fe7718ab1b142bc4a07818297f61c37e77414d830fc9bf0865d42630d,34858,6318,0.95068359375,0.95068359375,0.000366339401807636,0.7244833707809448,0.9467110633850098,-0.7629001140594482,-0.6525959968566895,2.2296078205108643,280.0,280,True,False,12.198393041999907,0.6097882239998853
standard,16,15,842,0066c56b827cbc8943a11e05983c41afb55fbea5d69210339f894d335bf31681,34944,6319,3.21875,3.21875,-0.0005717536550946534,1.132421851158142,1.4446368217468262,1.361883282661438,1.5450353622436523,2.10815167427063,205.0,205,True,False,9.07625761600002,0.6124862409999423
standard,17,16,800,d1a99649312519c9387719cee51b04e12cda0626465c151bf25c8615577f22c6,51074,6320,3.515625,3.515625,-2.047813541139476e-05,0.843328058719635,1.0086424350738525,-1.2037590742111206,-1.0331474542617798,3.4742465019226074,484.0,484,True,False,20.878896368999904,0.603444626000055
standard,18,17,1066,d51cf37f668f8c71c62c3847414b22af374c476d3b27473536b9addbefaf458f,13381,6321,1.224609375,0.224609375,-0.0002055060613201931,0.9256120324134827,1.2366175651550293,1.5299886465072632,1.4839823246002197,1.9919298887252808,512.0,512,False,True,21.97261197900002,0.6063051349999569
standard,19,18,1139,ab72a67ba77dae89b3b5840dce5d93e3d38528586cd33e0836c912e2676a3b67,10181,6322,1.439453125,1.439453125,0.0002505922457203269,1.1280096769332886,1.5691431760787964,2.36501407623291,2.0083136558532715,4.3782548904418945,170.0,170,True,False,7.531181202000198,0.6003012889998445
standard,20,19,706,e2746437d8fdb114e9fad595c8d4f813831dfe8595a297e8f6e15047fd132dbd,16685,6323,-2.359375,-2.359375,-0.000826231378596276,0.54923015832901,0.7431075572967529,-1.435281753540039,-1.5502272844314575,2.6721673011779785,212.0,212,True,False,9.327837333999923,0.611544664999883
clip_005,1,0,66,69dbb0920f2b515bc35d2b6d696bfb9d4f4fb5733a611ad26fbd6a994aa33c4c,4429,6304,2.55859375,1.55859375,-0.00017140174168162048,0.819615364074707,1.0648701190948486,-0.7839639782905579,-0.7671821713447571,4.602621078491211,512.0,512,False,True,21.735333212999876,0.630259322000029
clip_005,2,1,211,d17a75fdbc3cf38ce6c717882a414230fb52cd262bbaa2cc1042706afba74208,42556,6305,3.873046875,3.873046875,0.0003097721782978624,0.9115285277366638,1.1016478538513184,-2.1176671981811523,-1.7645440101623535,5.682614326477051,332.0,332,True,False,14.416089857000088,0.6109940380001717
clip_005,3,2,223,8d7186b5e1fbe09683b2c5a16f4e6895e823fe819bb3fb42f0a335b773b558cc,32794,6306,1.9365234375,1.9365234375,0.0006220832583494484,0.8136544227600098,1.082707405090332,-1.6745669841766357,-0.8288606405258179,3.8337135314941406,80.0,80,True,False,3.7628640109999196,0.6210592610000276
clip_005,4,3,141,babd2b9209530cad5e8c5de713fa65a2a19e2a5e1d883d4b519b5da9281846b7,58824,6307,2.01953125,2.01953125,0.00015785411233082414,0.9278550148010254,1.0339243412017822,-2.48964786529541,-0.8744413256645203,7.384860038757324,53.0,53,True,False,2.5379920590000893,0.6051333150001028
clip_005,5,4,762,042952501bc0bccb277c5acae15dc57a22f0486f84751a659dc7118bc2da0a7a,36419,6308,-0.64453125,-1.64453125,0.00010789936641231179,0.46331971883773804,0.5169478058815002,-1.7055011987686157,-1.750932216644287,4.73624324798584,512.0,512,False,True,22.218510741000046,0.6140153930000452
clip_005,6,5,934,2dcb5c70b61397d22dff7ecba3c97f0963f338ac00f80e6a50bb19f953cd2be6,25258,6309,-1.40234375,-1.40234375,0.0004843063943553716,1.254578948020935,1.7268543243408203,-0.956732451915741,-1.0619263648986816,4.955105781555176,98.0,98,True,False,4.432173914999794,0.6301355339999191
clip_005,7,6,470,567f7fcc3da0de0f654935d95d5183defdf51ed4a54cabdec8c1af9d657ab73c,17845,6310,0.11968994140625,-0.88031005859375,-7.005812949500978e-05,1.0209591388702393,1.5370762348175049,-0.5424436330795288,-0.5930149555206299,5.256161689758301,512.0,512,False,True,22.556659253000134,0.6292470039998079
clip_005,8,7,1160,2eb0508423860573c279e4e2f78e0f251bc5ffc061d5f4fe613516eb01c66a56,20376,6311,0.64111328125,0.64111328125,0.0015116900904104114,0.24327203631401062,0.2915942072868347,-0.6210850477218628,0.3256458640098572,4.935261249542236,14.0,14,True,False,0.9369435309999972,0.6139593770001284
central_8,1,0,66,69dbb0920f2b515bc35d2b6d696bfb9d4f4fb5733a611ad26fbd6a994aa33c4c,4429,6304,2.55859375,1.55859375,-0.00017140174168162048,0.819615364074707,1.0648701190948486,-0.7839639782905579,-0.7671821713447571,4.602621078491211,512.0,512,False,True,22.09574024099993,0.6295855620001021
central_8,2,1,211,d17a75fdbc3cf38ce6c717882a414230fb52cd262bbaa2cc1042706afba74208,42556,6305,3.873046875,3.873046875,0.000241617119172588,0.9115966558456421,1.1014869213104248,-2.117703437805176,-1.7645832300186157,5.687605381011963,332.0,332,True,False,14.48157984300019,0.6198539570000321
central_8,3,2,223,8d7186b5e1fbe09683b2c5a16f4e6895e823fe819bb3fb42f0a335b773b558cc,32794,6306,1.9365234375,1.9365234375,8.384373359149322e-05,0.8141925930976868,1.0821044445037842,-1.6725698709487915,-0.8259811401367188,3.83477783203125,80.0,80,True,False,3.754906963999929,0.638592903000017
central_8,4,3,141,babd2b9209530cad5e8c5de713fa65a2a19e2a5e1d883d4b519b5da9281846b7,58824,6307,2.01953125,2.01953125,-0.0005914782523177564,0.9286044239997864,1.0340605974197388,-2.4897143840789795,-0.8725863695144653,7.395659923553467,53.0,53,True,False,2.5703855609999664,0.6084812179999517
central_8,5,4,762,042952501bc0bccb277c5acae15dc57a22f0486f84751a659dc7118bc2da0a7a,36419,6308,-0.64453125,-1.64453125,0.00025264188298024237,0.4631749987602234,0.5169205069541931,-1.705350399017334,-1.7512264251708984,4.73575496673584,512.0,512,False,True,22.30794324800013,0.6225281399999858
central_8,6,5,934,2dcb5c70b61397d22dff7ecba3c97f0963f338ac00f80e6a50bb19f953cd2be6,25258,6309,-1.40234375,-1.40234375,-0.00029390407144092023,1.2553571462631226,1.7265095710754395,-0.9582807421684265,-1.062224268913269,4.945221424102783,98.0,98,True,False,4.507304997000119,0.615295321000076
central_8,7,6,470,567f7fcc3da0de0f654935d95d5183defdf51ed4a54cabdec8c1af9d657ab73c,17845,6310,0.11968994140625,-0.88031005859375,7.268153422046453e-05,1.0208165645599365,1.5370423793792725,-0.5429564714431763,-0.5936933755874634,5.254151821136475,512.0,512,False,True,22.33446446799985,0.616687168999988
central_8,8,7,1160,2eb0508423860573c279e4e2f78e0f251bc5ffc061d5f4fe613516eb01c66a56,20376,6311,0.64111328125,0.64111328125,-0.0012929916847497225,0.24607671797275543,0.29201415181159973,-0.6231061220169067,0.3260127604007721,4.939197063446045,14.0,14,True,False,0.9233959419998428,0.608643266999934
clip_050,1,0,66,69dbb0920f2b515bc35d2b6d696bfb9d4f4fb5733a611ad26fbd6a994aa33c4c,4429,6304,2.55859375,1.55859375,-0.00017140174168162048,0.819615364074707,1.0648701190948486,-0.7839639782905579,-0.7671821713447571,4.602621078491211,512.0,512,False,True,22.187976374000073,0.6470343510000021
clip_050,2,1,211,d17a75fdbc3cf38ce6c717882a414230fb52cd262bbaa2cc1042706afba74208,42556,6305,4.1015625,4.1015625,-0.00021276080224197358,0.9067621231079102,1.087685227394104,-2.083667039871216,-1.7760008573532104,5.511364936828613,397.0,397,True,False,17.40819728700012,0.6380391689999669
clip_050,3,2,223,8d7186b5e1fbe09683b2c5a16f4e6895e823fe819bb3fb42f0a335b773b558cc,32794,6306,1.9365234375,1.9365234375,-0.00041803420754149556,0.8146945238113403,1.0821651220321655,-1.6917587518692017,-0.8358433842658997,3.8566253185272217,80.0,80,True,False,3.77177840000013,0.6135743099998763
clip_050,4,3,141,babd2b9209530cad5e8c5de713fa65a2a19e2a5e1d883d4b519b5da9281846b7,58824,6307,2.01953125,2.01953125,0.0006007797201164067,0.9274120926856995,1.0338205099105835,-2.58087158203125,-0.9345763325691223,7.528756618499756,53.0,53,True,False,2.6188712089999626,0.6156607820000772
clip_050,5,4,762,042952501bc0bccb277c5acae15dc57a22f0486f84751a659dc7118bc2da0a7a,36419,6308,-0.64453125,-1.64453125,0.00018736510537564754,0.46324026584625244,0.5170353651046753,-1.7823092937469482,-1.8244675397872925,4.7729363441467285,512.0,512,False,True,22.275171956999884,0.6507161719998749
clip_050,6,5,934,2dcb5c70b61397d22dff7ecba3c97f0963f338ac00f80e6a50bb19f953cd2be6,25258,6309,-1.40234375,-1.40234375,-0.0005596817936748266,1.2556229829788208,1.7262579202651978,-0.9731833934783936,-1.0745614767074585,4.957329750061035,98.0,98,True,False,4.541631564999989,0.6249794359998759
clip_050,7,6,470,567f7fcc3da0de0f654935d95d5183defdf51ed4a54cabdec8c1af9d657ab73c,17845,6310,0.11968994140625,-0.88031005859375,-0.00022942326904740185,1.0211185216903687,1.5372189283370972,-0.6520240902900696,-0.6980332732200623,5.265956878662109,512.0,512,False,True,22.289088718999892,0.639841522000097
clip_050,8,7,1160,2eb0508423860573c279e4e2f78e0f251bc5ffc061d5f4fe613516eb01c66a56,20376,6311,0.64111328125,0.64111328125,-0.0006923714536242187,0.2454761117696762,0.29263240098953247,-0.6451932191848755,0.32253310084342957,5.029447078704834,14.0,14,True,False,0.9284215190000396,0.610567465000031
kl_000,1,0,66,69dbb0920f2b515bc35d2b6d696bfb9d4f4fb5733a611ad26fbd6a994aa33c4c,4429,6304,2.55859375,1.55859375,-0.00017140174168162048,0.819615364074707,1.0648701190948486,-0.7839639782905579,-0.767533540725708,4.602510452270508,512.0,512,False,True,22.0224793819998,0.6371429690000241
kl_000,2,1,211,d17a75fdbc3cf38ce6c717882a414230fb52cd262bbaa2cc1042706afba74208,42556,6305,3.798828125,3.798828125,-0.0002898467646446079,0.938565194606781,1.0948492288589478,-2.0362579822540283,-1.7520955801010132,5.385463237762451,408.0,408,True,False,17.56985240899985,0.6294318239999939
kl_000,3,2,223,8d7186b5e1fbe09683b2c5a16f4e6895e823fe819bb3fb42f0a335b773b558cc,32794,6306,1.9365234375,1.9365234375,-0.0002828740980476141,0.8145593404769897,1.0819039344787598,-1.7148964405059814,-0.8556985855102539,3.8765175342559814,80.0,80,True,False,3.709466308999936,0.6181446150001193
kl_000,4,3,141,babd2b9209530cad5e8c5de713fa65a2a19e2a5e1d883d4b519b5da9281846b7,58824,6307,2.01953125,2.01953125,0.0005538095138035715,0.9274591207504272,1.033447265625,-2.6067044734954834,-0.952931821346283,7.557187557220459,53.0,53,True,False,2.57706953800016,0.616117099000121
kl_000,5,4,762,042952501bc0bccb277c5acae15dc57a22f0486f84751a659dc7118bc2da0a7a,36419,6308,-0.64453125,-1.64453125,2.8781687433365732e-05,0.46339887380599976,0.5169148445129395,-1.7882652282714844,-1.8302185535430908,4.793813705444336,512.0,512,False,True,22.57700249300001,0.6240817549999065
kl_000,6,5,934,2dcb5c70b61397d22dff7ecba3c97f0963f338ac00f80e6a50bb19f953cd2be6,25258,6309,-1.40234375,-1.40234375,9.752380719874054e-05,1.2549657821655273,1.7258687019348145,-0.9653650522232056,-1.0728942155838013,4.925587177276611,98.0,98,True,False,4.598994496000159,0.6397036380001282
kl_000,7,6,470,567f7fcc3da0de0f654935d95d5183defdf51ed4a54cabdec8c1af9d657ab73c,17845,6310,0.11968994140625,-0.88031005859375,-2.317190228495747e-05,1.0209124088287354,1.537018060684204,-0.6390666961669922,-0.6849320530891418,5.267255783081055,512.0,512,False,True,22.198130612999876,0.619743791000019
kl_000,8,7,1160,2eb0508423860573c279e4e2f78e0f251bc5ffc061d5f4fe613516eb01c66a56,20376,6311,0.64111328125,0.64111328125,-0.0007300108554773033,0.24551372230052948,0.2925410270690918,-0.6870343089103699,0.31023597717285156,5.00704288482666,14.0,14,True,False,0.9237003159998949,0.6188728260001426
kl_020,1,0,66,69dbb0920f2b515bc35d2b6d696bfb9d4f4fb5733a611ad26fbd6a994aa33c4c,4429,6304,2.55859375,1.55859375,-0.00017140174168162048,0.819615364074707,1.0648701190948486,-0.7839639782905579,-0.7668309807777405,4.602736473083496,512.0,512,False,True,22.02417262100016,0.6313740319999397
kl_020,2,1,211,d17a75fdbc3cf38ce6c717882a414230fb52cd262bbaa2cc1042706afba74208,42556,6305,4.1015625,4.1015625,-0.0001309992658207193,0.9066804051399231,1.0880454778671265,-2.0823419094085693,-1.7748254537582397,5.505974769592285,397.0,397,True,False,17.15553007099993,0.6140846120001697
kl_020,3,2,223,8d7186b5e1fbe09683b2c5a16f4e6895e823fe819bb3fb42f0a335b773b558cc,32794,6306,1.9365234375,1.9365234375,-0.0001256141986232251,0.8144021034240723,1.0818793773651123,-1.6926915645599365,-0.8371349573135376,3.8537144660949707,80.0,80,True,False,3.69497958199986,0.6152217839999139
kl_020,4,3,141,babd2b9209530cad5e8c5de713fa65a2a19e2a5e1d883d4b519b5da9281846b7,58824,6307,2.01953125,2.01953125,0.00022107701806817204,0.9277918934822083,1.0341750383377075,-2.578359365463257,-0.9319518208503723,7.536004066467285,53.0,53,True,False,2.5968546550000156,0.618494081000108
kl_020,5,4,762,042952501bc0bccb277c5acae15dc57a22f0486f84751a659dc7118bc2da0a7a,36419,6308,-0.64453125,-1.64453125,-2.8772701625712216e-06,0.4634305238723755,0.5170979499816895,-1.7822374105453491,-1.8241100311279297,4.772365093231201,512.0,512,False,True,22.358954145000098,0.6207527150002079
kl_020,6,5,934,2dcb5c70b61397d22dff7ecba3c97f0963f338ac00f80e6a50bb19f953cd2be6,25258,6309,-1.40234375,-1.40234375,-8.349822019226849e-05,1.2551467418670654,1.7267656326293945,-0.9733308553695679,-1.0753167867660522,4.955756187438965,98.0,98,True,False,4.533083732000023,0.6225143159999789
kl_020,7,6,470,567f7fcc3da0de0f654935d95d5183defdf51ed4a54cabdec8c1af9d657ab73c,17845,6310,0.11968994140625,-0.88031005859375,0.00019692390924319625,1.020692229270935,1.537162184715271,-0.6506995558738708,-0.6979320049285889,5.263205528259277,512.0,512,False,True,22.162221938999892,0.6245629460001965
kl_020,8,7,1160,2eb0508423860573c279e4e2f78e0f251bc5ffc061d5f4fe613516eb01c66a56,20376,6311,0.64111328125,0.64111328125,0.00016135214536916465,0.2446223795413971,0.2918195128440857,-0.6409141421318054,0.32409530878067017,5.020192623138428,14.0,14,True,False,0.9428930340000079,0.6173945190000723
