condition,prompt_id,limit,words,complies,reward,tokens
sft,wl01,40,34,True,3.890625,41
sft,wl02,25,34,False,3.912109375,39
sft,wl03,30,23,True,3.818359375,29
sft,wl04,35,31,True,3.94921875,37
sft,wl05,45,110,False,3.5390625,126
sft,wl06,30,22,True,2.888671875,25
sft,wl07,35,101,False,4.484375,115
sft,wl08,40,46,False,4.06640625,55
sft,wl09,30,31,False,4.20703125,37
sft,wl10,45,90,False,4.1640625,102
standard,wl01,40,34,True,3.890625,41
standard,wl02,25,38,False,3.546875,44
standard,wl03,30,26,True,3.599609375,31
standard,wl04,35,43,False,3.75,50
standard,wl05,45,48,False,4.24609375,64
standard,wl06,30,21,True,3.2578125,24
standard,wl07,35,69,False,4.77734375,79
standard,wl08,40,36,True,3.615234375,42
standard,wl09,30,22,True,3.61328125,26
standard,wl10,45,62,False,3.6015625,70
length_balanced,wl01,40,34,True,3.890625,41
length_balanced,wl02,25,38,False,3.546875,44
length_balanced,wl03,30,26,True,3.599609375,31
length_balanced,wl04,35,43,False,3.75,50
length_balanced,wl05,45,48,False,4.24609375,64
length_balanced,wl06,30,21,True,3.2578125,24
length_balanced,wl07,35,57,False,3.974609375,65
length_balanced,wl08,40,40,True,3.935546875,49
length_balanced,wl09,30,25,True,4.140625,29
length_balanced,wl10,45,51,False,2.724609375,60
