rollout_update,ppo_epoch,policy_loss,value_mse,weighted_value_loss,reference_kl_on_rollout,sampled_entropy,categorical_entropy,clip_fraction,ratio_mean,ratio_max_abs_change,actor_grad_norm_preclip,critic_grad_norm_preclip
1,0,5.587935447692871e-09,4.602621078491211,2.3013105392456055,-0.00017140174168162048,0.819615364074707,1.0648701190948486,0.0,1.0,0.0,0.18927812576293945,70.96012878417969
1,1,-0.0005631241947412491,4.007219314575195,2.0036096572875977,0.00013026905071455985,0.819313645362854,1.0648117065429688,0.0,1.0003139972686768,0.028853654861450195,0.189670592546463,62.7618293762207
2,0,-1.0053795129749687e-08,5.685234546661377,2.8426172733306885,0.0002675402502063662,0.9115707278251648,1.101706862449646,0.0,1.0,0.0,0.2939116358757019,82.41452026367188
2,1,-0.00043066294165328145,5.283737659454346,2.641868829727173,-3.8777019653934985e-05,0.9118769764900208,1.101580023765564,0.0,0.9997100830078125,0.028452515602111816,0.294001042842865,47.687255859375
3,0,5.5134297127779064e-08,3.8313591480255127,1.9156795740127563,-0.0002592525561340153,0.8145357370376587,1.0821067094802856,0.0,1.0,0.0,0.6210067272186279,171.6190948486328
3,1,5.9445203078212216e-05,3.2313504219055176,1.6156752109527588,-0.00016256114759016782,0.8144389986991882,1.0821657180786133,0.0,1.0001039505004883,0.016569137573242188,0.6215105056762695,106.39604949951172
4,0,-0.0,7.384552001953125,3.6922760009765625,0.0001633395004319027,0.927849531173706,1.0335206985473633,0.0,1.0,0.0,0.6054480075836182,403.8246154785156
4,1,0.00023727596271783113,6.17704963684082,3.08852481842041,-0.0004265808092895895,0.9284394383430481,1.0337538719177246,0.0,0.9994268417358398,0.016425371170043945,0.6049996614456177,329.23199462890625
5,0,-5.587935447692871e-09,4.737005233764648,2.368502616882324,1.666556636337191e-05,0.46341097354888916,0.5171023607254028,0.0,1.0,0.0,0.1589856892824173,80.18161010742188
5,1,0.00030498206615448,4.672969818115234,2.336484909057617,3.330533581902273e-05,0.4633943438529968,0.5170552730560303,0.0,1.0000262260437012,0.030224084854125977,0.1587267369031906,87.44462585449219
6,0,1.7029899268550253e-08,4.950113773345947,2.4750568866729736,1.8783930499921553e-05,1.2550444602966309,1.7266409397125244,0.0,1.0,0.0,0.57256019115448,79.36660766601562
6,1,0.0004949569702148438,4.683438777923584,2.341719388961792,-1.0662502972991206e-05,1.25507390499115,1.726944088935852,0.0,0.999983012676239,0.013433992862701416,0.5705935955047607,75.19977569580078
7,0,1.862645149230957e-09,5.260044574737549,2.6300222873687744,-5.9686455642804503e-05,1.020948886871338,1.5369563102722168,0.0,1.0,0.0,0.2261577695608139,105.6027603149414
7,1,0.0002501644194126129,5.008638858795166,2.504319429397583,-0.00024071794177871197,1.021129846572876,1.5368201732635498,0.0,0.999829888343811,0.019011080265045166,0.22572867572307587,98.90249633789062
8,0,-0.0,4.941310405731201,2.4706552028656006,-0.00041464975220151246,0.24519836902618408,0.2925143241882324,0.0,1.0,0.0,1.8365631103515625,168.66429138183594
8,1,-0.0004133667389396578,4.185176849365234,2.092588424682617,-0.00021217371977400035,0.24499590694904327,0.29372844099998474,0.0,1.0002086162567139,0.010971426963806152,1.8315486907958984,151.59335327148438
9,0,-0.0,3.00186824798584,1.50093412399292,0.00011053658818127587,0.6788684129714966,0.7628031969070435,0.0,1.0,0.0,0.22471825778484344,34.60966110229492
9,1,-0.00012793381756637245,2.9044299125671387,1.4522149562835693,0.0001013759319903329,0.6788776516914368,0.7629397511482239,0.0,1.0000003576278687,0.021688342094421387,0.22471782565116882,32.69301986694336
10,0,-8.749305280275621e-09,2.8576889038085938,1.4288444519042969,0.00014391072909347713,0.8287169337272644,1.0382896661758423,0.0,1.0,0.0,0.2147652804851532,54.838592529296875
10,1,0.00039147454663179815,2.760474443435669,1.3802372217178345,0.00035358325112611055,0.8285073041915894,1.038217544555664,0.0,1.0002222061157227,0.029534101486206055,0.21489638090133667,44.152732849121094
11,0,-0.0,3.6891422271728516,1.8445711135864258,-0.00038806290831416845,0.8504661917686462,1.1056578159332275,0.0,1.0,0.0,0.2205209583044052,81.90270233154297
11,1,0.0005591994267888367,3.478644847869873,1.7393224239349365,-0.00013143540127202868,0.8502095937728882,1.1056245565414429,0.0,1.0002650022506714,0.019073843955993652,0.22074660658836365,58.19771194458008
12,0,2.5652632018591248e-08,2.328286647796631,1.1641433238983154,0.00022337849077302963,0.8968594670295715,1.0731250047683716,0.0,1.0,0.0,0.9561706185340881,105.65676879882812
12,1,0.00031575674074701965,2.1359140872955322,1.0679570436477661,-3.182320870109834e-05,0.8971146941184998,1.0727638006210327,0.0,0.9997603297233582,0.029728055000305176,0.9561992883682251,76.9761962890625
13,0,-1.7101754679060832e-08,3.6756205558776855,1.8378102779388428,-0.00021902007574681193,0.9517273306846619,1.206488847732544,0.0,1.0,0.0,0.17379355430603027,48.289302825927734
13,1,-0.00020499069069046527,3.528280735015869,1.7641403675079346,-7.050855492707342e-05,0.9515787959098816,1.206342339515686,0.0,1.0001596212387085,0.023394107818603516,0.1743035465478897,36.88617706298828
14,0,1.0456955301663129e-08,2.999382257461548,1.499691128730774,0.0003029039653483778,0.8826573491096497,1.1710803508758545,0.0,1.0,0.0,0.2173394411802292,47.87859344482422
14,1,-0.0003221113292966038,2.85356068611145,1.426780343055725,0.0001602596021257341,0.8827999830245972,1.1711838245391846,0.0,0.9998700618743896,0.02349376678466797,0.21760940551757812,35.432193756103516
15,0,3.4059797204832876e-09,2.2296078205108643,1.1148039102554321,0.000366339401807636,0.7244833707809448,0.9467110633850098,0.0,1.0,0.0,0.28806108236312866,64.59688568115234
15,1,-0.00047235147212632,2.1858065128326416,1.0929032564163208,0.0002975346869789064,0.7245522141456604,0.946782112121582,0.0,0.999940037727356,0.02079242467880249,0.28798866271972656,69.02381134033203
16,0,-1.1630174157062356e-08,2.10815167427063,1.054075837135315,-0.0005717536550946534,1.132421851158142,1.4446368217468262,0.0,1.0,0.0,0.3751929700374603,33.58553695678711
16,1,0.00013374700210988522,1.9747320413589478,0.9873660206794739,-0.00031625089468434453,1.1321663856506348,1.4442516565322876,0.0,1.0002691745758057,0.020671427249908447,0.3758604824542999,26.17219352722168
17,0,-7.881605590398522e-09,3.4742465019226074,1.7371232509613037,-2.047813541139476e-05,0.843328058719635,1.0086424350738525,0.0,1.0,0.0,0.21498727798461914,49.30000686645508
17,1,7.981111411936581e-05,3.33829665184021,1.669148325920105,-0.00023219968716148287,0.8435397744178772,1.008394718170166,0.0,0.9998013973236084,0.026782572269439697,0.2143409252166748,48.107635498046875
18,0,3.725290298461914e-09,1.9919298887252808,0.9959649443626404,-0.0002055060613201931,0.9256120324134827,1.2366175651550293,0.0,1.0,0.0,0.19969135522842407,26.122385025024414
18,1,0.00017005670815706253,1.8920042514801025,0.9460021257400513,3.788014510064386e-05,0.92536860704422,1.2365069389343262,0.0,1.0002551078796387,0.0239715576171875,0.19964496791362762,26.997249603271484
19,0,-5.6098490297529224e-09,4.3782548904418945,2.1891274452209473,0.0002505922457203269,1.1280096769332886,1.5691431760787964,0.0,1.0,0.0,0.611572265625,110.40269470214844
19,1,-0.0002126048639183864,4.069314956665039,2.0346574783325195,-1.2272793355805334e-05,1.128272533416748,1.5690910816192627,0.0,0.9997532367706299,0.02182745933532715,0.6119964122772217,103.8165054321289
20,0,4.498463823665588e-09,2.6721673011779785,1.3360836505889893,-0.000826231378596276,0.54923015832901,0.7431075572967529,0.0,1.0,0.0,1.7387173175811768,44.33572006225586
20,1,0.000152443943079561,2.5394930839538574,1.2697465419769287,-0.001248829998075962,0.5496527552604675,0.7430163621902466,0.0,0.9996078610420227,0.04152071475982666,1.729359745979309,42.95303726196289
